"Top pages","Clicks","Impressions","CTR","Position"
"https://mydigitsign.com/","3","1062","0.28%","65.19"
"https://mydigitsign.com/tools/sign-image-online","1","39","2.56%","23.69"
"https://mydigitsign.com/blog/how-to-sign-a-document-online-free-pdf-editor","0","1599","0%","64.69"
"https://mydigitsign.com/tools/draw-signature-online","0","645","0%","80.79"
"https://mydigitsign.com/blog/are-electronic-signatures-legally-binding","0","506","0%","77.7"
"https://mydigitsign.com/blog/how-to-sign-pdf-on-iphone-android-free","0","238","0%","59.42"
"https://mydigitsign.com/blog/free-digital-signature-certificate","0","139","0%","42.81"
"https://mydigitsign.com/blog/how-to-ask-someone-to-sign-nda","0","85","0%","26.46"
"https://mydigitsign.com/blog/what-is-a-signature-line","0","77","0%","19.86"
"https://mydigitsign.com/tools/sign-pdf-online","0","70","0%","71.86"
"https://mydigitsign.com/compare/docusign-alternative","0","56","0%","76.62"
"https://mydigitsign.com/blog/how-to-add-signature-in-word","0","48","0%","53.35"
"https://mydigitsign.com/how-it-works","0","28","0%","49.64"
"https://mydigitsign.com/tools/edit-pdf-online","0","26","0%","52.88"
"https://mydigitsign.com/features","0","17","0%","9.88"
"https://mydigitsign.com/blog/ultimate-guide-signing-pdf-securely","0","17","0%","39.18"
"https://mydigitsign.com/privacy-policy","0","15","0%","5.73"
"https://mydigitsign.com/tools/type-signature-online","0","15","0%","79.33"
"https://mydigitsign.com/tools/protect-pdf-online","0","12","0%","79.92"
"https://mydigitsign.com/terms-of-service","0","11","0%","4.36"
"https://mydigitsign.com/cookie-policy","0","11","0%","5"
"https://mydigitsign.com/blog/can-you-notarize-your-own-signature","0","11","0%","48.55"
"https://mydigitsign.com/tools","0","10","0%","45.5"
"https://mydigitsign.com/blog/create-digital-signature-online-free","0","9","0%","22.78"
"https://mydigitsign.com/about","0","8","0%","3.75"
"https://mydigitsign.com/blog","0","7","0%","4.14"
"https://mydigitsign.com/tools/merge-pdf-online","0","4","0%","21"