Top queries,Clicks,Impressions,CTR,Position
signature line,0,61,0.0,19.43
legally binding electronic signatures,0,55,0.0,94.36
court admissible electronic signatures,0,35,0.0,79.6
pandadoc alternatives,0,33,0.0,86.33
e-signature legality,0,32,0.0,88.09
are digital signatures valid in court,0,31,0.0,81.52
hellosign vs signnow,0,28,0.0,85.61
draw signature,0,21,0.0,76.1
pandadoc vs hellosign features comparison,0,20,0.0,77.0
pandadoc alternative,0,19,0.0,82.11
adobe sign legal alternative,0,19,0.0,72.32
adobe sign alternative,0,17,0.0,81.88
sign nda free,0,16,0.0,74.31
e-signature compliance,0,14,0.0,84.0
easy esign nda,0,14,0.0,80.5
hellosign alternative,0,13,0.0,77.69
best pandadoc alternatives for esignatures,0,13,0.0,78.23
how to add signature in word,0,13,0.0,52.54
signed digital scoresheet,0,13,0.0,61.38
fill and sign pdf online,0,12,0.0,42.58
draw signature online,0,11,0.0,83.18
electronic signature legal,0,11,0.0,89.18
electronic signature legally binding,0,11,0.0,92.64
hellosign pricing,0,10,0.0,74.6
free digital signature certificate,0,10,0.0,50.6
how to sign pdf on iphone,0,9,0.0,44.33
wet signature meaning,0,9,0.0,51.67
what is signature line,0,9,0.0,24.89
iphone pdf 署名 無料,0,9,0.0,49.89
adobe sign alternatives,0,9,0.0,85.11
sample email request to sign nda,0,9,0.0,24.78
how to insert signature in word,0,8,0.0,46.75
sign nda online,0,8,0.0,67.12
free docusign alternatives,0,8,0.0,87.62
signature line meaning,0,7,0.0,7.29
hellosign competitors,0,7,0.0,86.14
what makes an electronic signature legal,0,7,0.0,89.71
docusign alternatives free,0,7,0.0,84.71
are esignatures valid,0,7,0.0,96.29
hellosign vs docusign,0,7,0.0,90.0
electronic signature legality,0,7,0.0,96.29
how to sign a secured pdf,0,7,0.0,50.0
pandadoc vs hellosign,0,7,0.0,84.71
signature date line,0,7,0.0,40.29
sign word documents online,0,7,0.0,48.29
digital signature certificate,0,7,0.0,74.43
is signable legal,0,6,0.0,77.67
sign image online,1,6,0.1667,18.17
free online signature maker,0,6,0.0,95.17
online signature draw,0,6,0.0,87.17
how to sign an nda,0,6,0.0,50.5
hellosign alternatives,0,6,0.0,73.17
capture digital signature,0,6,0.0,66.33
what is a wet signature,0,6,0.0,55.33
wet signature,0,6,0.0,54.0
hellosign vs pandadoc,0,6,0.0,84.5
free alternative to docusign,0,6,0.0,80.5
add signature to word,0,6,0.0,51.67
what does wet sign mean,0,5,0.0,52.4
digit sign,0,5,0.0,4.2
insert signature to word,0,5,0.0,48.0
how to add a signature in word,0,5,0.0,54.2
how to sign a pdf on iphone,0,5,0.0,54.2
how to add a signature to a word document,0,5,0.0,51.8
adobe sign competitors,0,5,0.0,90.0
draw your signature,0,5,0.0,73.8
sign word document online,0,5,0.0,58.4
signature line on a check,0,5,0.0,63.8
edit and sign pdf free,0,5,0.0,67.2
protect pdf,0,5,0.0,84.2
encrypt pdf,0,5,0.0,82.2
how do i digitally sign,0,5,0.0,87.0
document with signature line,0,4,0.0,41.25
how to sign a pdf on my phone,0,4,0.0,57.5
how to electronically sign a pdf on iphone,0,4,0.0,59.25
sign docx online,0,4,0.0,60.0
how to add handwritten signature in word,0,4,0.0,63.0
create a signature in word,0,4,0.0,66.25
secure pdf online,0,4,0.0,77.5
docusign free alternatives,0,4,0.0,79.75
digital signatures legal,0,4,0.0,81.75
electronic signature policy,0,4,0.0,83.0
what is a signature line,0,4,0.0,32.0
sig lines,0,4,0.0,24.25
what does s mean in a signature line,0,4,0.0,26.0
document signature line,0,4,0.0,20.0
how to ask someone to sign a document,0,4,0.0,18.5
what is its in a signature line,0,4,0.0,17.5
signature line definition,0,4,0.0,13.75
alternatives to adobe sign,0,4,0.0,87.25
signnow vs hellosign,0,4,0.0,87.25
pandadoc competitor,0,4,0.0,88.25
how do you digitally sign,0,4,0.0,88.75
make digital signature online free,0,4,0.0,89.0
legally binding electronic signature,0,4,0.0,89.5
advanced electronic signatures law,0,4,0.0,95.75
are e signatures legal,0,4,0.0,97.25
legally binding esignature,0,4,0.0,98.75
how to add your signature in word,0,4,0.0,45.25
how do i add my signature to a word document,0,4,0.0,46.0
